Ì‡Á‚‡ÌËÂ,ÓˆÂÌÍ‡,ÒÚ‡Ì‡,„Ó‰,Ê‡Ì

"–ì—Ä–∞–∂–¥–∞–Ω–∏–Ω –ö–µ–π–Ω,""8,3"",,1941,""['Drama, Mystery']"""
"–ö—Ä–µ—Å—Ç–Ω—ã–π –æ—Ç–µ—Ü,""9,2"",,1972,""['Crime, Drama']"""
"–í–æ–ª—à–µ–±–Ω–∏–∫ —Å—Ç—Ä–∞–Ω—ã –û–∑,8,,1939,""['Adventure, Family']"""
"–ü–æ–±–µ–≥ –∏–∑ –®–æ—É—à–µ–Ω–∫–∞,""9,3"",,1994,[]"
"–ö—Ä–∏–º–∏–Ω–∞–ª—å–Ω–æ–µ —á—Ç–∏–≤–æ,""8,9"",,1994,""['Crime, Drama']"""
"–ö–∞—Å–∞–±–ª–∞–Ω–∫–∞,""8,5"",,1942,""['Drama, Romance']"""
"–¢—Ä–µ—Ç–∏–π —á–µ–ª–æ–≤–µ–∫,""8,1"",,1949,""['Noir, Mystery']"""
"–ó–≤—ë–∑–¥–Ω—ã–µ –≤–æ–π–Ω—ã. –≠–ø–∏–∑–æ–¥ 5: –ò–º–ø–µ—Ä–∏—è –Ω–∞–Ω–æ—Å–∏—Ç –æ—Ç–≤–µ—Ç–Ω—ã–π —É–¥–∞—Ä,""8,7"",,1980,""['Action, Adventure']"""
"–°–ø–∏—Å–æ–∫ –®–∏–Ω–¥–ª–µ—Ä–∞,""8,9"",,1993,""['Biography, Drama']"""
"–ê–ø–æ–∫–∞–ª–∏–ø—Å–∏—Å —Å–µ–≥–æ–¥–Ω—è,""8,4"",,1979,""['Drama, Mystery']"""
"–°–ª–∞–≤–Ω—ã–µ –ø–∞—Ä–Ω–∏,""8,7"",,1990,""['Biography, Crime']"""
"–ü–æ—é—â–∏–µ –ø–æ–¥ –¥–æ–∂–¥–µ–º,""8,3"",,1952,""['Comedy, Musical']"""
"–ü—Å–∏—Ö–æ,""8,5"",,1960,""['Horror, Mystery']"""
"2001 –≥–æ–¥: –ö–æ—Å–º–∏—á–µ—Å–∫–∞—è –æ–¥–∏—Å—Å–µ—è,""8,3"",,1968,""['Adventure, Sci']"""
"–ë–æ–π—Ü–æ–≤—Å–∫–∏–π –∫–ª—É–±,""8,8"",,1999,[]"
"–ë–µ—à–µ–Ω—ã–π –±—ã–∫,""8,2"",,1980,""['Biography, Drama']"""
"–¢–∞–∫—Å–∏—Å—Ç,""8,2"",,1976,""['Crime, Drama']"""
"–°–µ–º—å —Å–∞–º—É—Ä–∞–µ–≤,""8,6"",,1954,""['Action, Drama']"""
"–ße—Ç—ã—Ä–µ—Å—Ç–∞ —É–¥–∞—Ä–æ–≤,""8,1"",,1959,""['Crime, Drama']"""
"12 —Ä–∞–∑–≥–Ω–µ–≤–∞–Ω–Ω—ã—Ö –º—É–∂—á–∏–Ω,9,,1957,""['Crime, Drama']"""
"–î–æ–∫—Ç–æ—Ä –°—Ç—Ä–µ–π–Ω–¥–∂–ª–∞–≤, –∏–ª–∏ –ö–∞–∫ —è –Ω–∞—É—á–∏–ª—Å—è –Ω–µ –≤–æ–ª–Ω–æ–≤–∞—Ç—å—Å—è –∏ –ø–æ–ª—é–±–∏–ª –∞—Ç–æ–º–Ω—É—é –±–æ–º–±—É,""8,4"",,1964,""['Comedy, War']"""
"–ì–æ–ª–æ–≤–æ–∫—Ä—É–∂–µ–Ω–∏–µ,""8,3"",,1958,""['Mystery, Romance']"""
"–•–æ—Ä–æ—à–∏–π, –ø–ª–æ—Ö–æ–π, –∑–ª–æ–π,""8,8"",,1966,""['Adventure, Western']"""
"–û–≥–Ω–∏ –±–æ–ª—å—à–æ–≥–æ –≥–æ—Ä–æ–¥–∞,""8,5"",,1931,""['Comedy, Drama']"""
"–£–Ω–µ—Å–µ–Ω–Ω—ã–µ –≤–µ—Ç—Ä–æ–º,""8,1"",,1939,""['Drama, History']"""
"–í –ø–æ—Ä—Ç—É,""8,1"",,1954,""['Crime, Drama']"""
"–ö—Ä–µ—Å—Ç–Ω—ã–π –æ—Ç–µ—Ü 2,9,,1974,""['Crime, Drama']"""
"–¢–µ–º–Ω—ã–π —Ä—ã—Ü–∞—Ä—å,9,,2008,""['Action, Crime']"""
"–ë–µ–≥—É—â–∏–π –ø–æ –ª–µ–∑–≤–∏—é,""8,1"",,1982,""['Action, Drama']"""
"–ó–≤—ë–∑–¥–Ω—ã–µ –≤–æ–π–Ω—ã,""8,6"",,1977,""['Action, Adventure']"""
"–í—Å—ë –æ –ï–≤–µ,""8,2"",,1950,[]"
"–ò–Ω–¥–∏–∞–Ω–∞ –î–∂–æ–Ω—Å: –í –ø–æ–∏—Å–∫–∞—Ö —É—Ç—Ä–∞—á–µ–Ω–Ω–æ–≥–æ –∫–æ–≤—á–µ–≥–∞,""8,4"",,1981,""['Action, Adventure']"""
"–ù–∞–∑–∞–¥ –≤ –±—É–¥—É—â–µ–µ,""8,5"",,1985,""['Adventure, Comedy']"""
"–õ–æ—É—Ä–µ–Ω—Å –ê—Ä–∞–≤–∏–π—Å–∫–∏–π,""8,3"",,1962,""['Adventure, Biography']"""
"–ß–µ–ª—é—Å—Ç–∏,8,,1975,""['Adventure, Thriller']"""
"12 –ª–µ—Ç —Ä–∞–±—Å—Ç–≤–∞,""8,1"",,2013,""['Biography, Drama']"""
"–ö–≤–∞—Ä—Ç–∏—Ä–∞,""8,3"",,1960,""['Comedy, Drama']"""
"–ö–∏—Ç–∞–π—Å–∫–∏–π –∫–≤–∞—Ä—Ç–∞–ª,""8,2"",,1974,""['Drama, Mystery']"""
"–í –¥–∂–∞–∑–µ —Ç–æ–ª—å–∫–æ –¥–µ–≤—É—à–∫–∏,""8,2"",,1959,""['Comedy, Music']"""
"–ö–∞–±–∏–Ω–µ—Ç –¥–æ–∫—Ç–æ—Ä–∞ –ö–∞–ª–∏–≥–∞—Ä–∏,""8,1"",,1920,""['Horror, Mystery']"""
"–í–µ–ª–∏–∫–∏–π –¥–∏–∫—Ç–∞—Ç–æ—Ä,""8,4"",,1940,""['Comedy, Drama']"""
"–í–ª–∞—Å—Ç–µ–ª–∏–Ω –∫–æ–ª–µ—Ü: –ë—Ä–∞—Ç—Å—Ç–≤–æ –∫–æ–ª—å—Ü–∞,""8,8"",,2001,""['Action, Adventure']"""
"–ß—É–∂–æ–π,""8,4"",,1979,""['Horror, Sci']"""
"–ò—Å–∫–∞—Ç–µ–ª–∏,""7,9"",,1956,""['Adventure, Drama']"""
"–ê–Ω–¥—Ä–µ–π –†—É–±–ª—ë–≤,""8,1"",,1966,""['Biography, Drama']"""
"–í —Ü–µ–Ω—Ç—Ä–µ –≤–Ω–∏–º–∞–Ω–∏—è,""8,1"",,I) (,""['Biography, Crime']"""
"–û–¥–Ω–∞–∂–¥—ã –Ω–∞ –î–∏–∫–æ–º –ó–∞–ø–∞–¥–µ,""8,5"",,1968,[]"
"–õ—É–Ω–Ω—ã–π —Å–≤–µ—Ç,""7,4"",,I) (,[]"
"–ú–µ—Ç—Ä–æ–ø–æ–ª–∏—Å,""8,3"",,1927,""['Drama, Sci']"""
"–í–ª–∞—Å—Ç–µ–ª–∏–Ω –∫–æ–ª–µ—Ü: –í–æ–∑–≤—Ä–∞—â–µ–Ω–∏–µ –∫–æ—Ä–æ–ª—è,""8,9"",,2003,""['Action, Adventure']"""
"–ù–æ–≤—ã–µ –≤—Ä–µ–º–µ–Ω–∞,""8,5"",,1936,""['Comedy, Drama']"""
"–ß—É–∂–∏–µ,""8,3"",,1986,""['Action, Adventure']"""
"–≠—Ç–æ —Å–ª—É—á–∏–ª–æ—Å—å –æ–¥–Ω–∞–∂–¥—ã –Ω–æ—á—å—é,""8,1"",,1934,""['Comedy, Romance']"""
"–õ–æ—Ä–∞,8,,1944,""['Drama, Film', 'Noir, Mystery']"""
"–¢–µ—Ä–º–∏–Ω–∞—Ç–æ—Ä 2: –°—É–¥–Ω—ã–π –¥–µ–Ω—å,""8,5"",,1991,""['Action, Sci']"""
"–ó–∞–≤–æ–¥–Ω–æ–π –∞–ø–µ–ª—å—Å–∏–Ω,""8,3"",,1971,""['Crime, Sci']"""
"–ò–Ω–æ–ø–ª–∞–Ω–µ—Ç—è–Ω–∏–Ω,""7,8"",,1982,""['Adventure, Family']"""
"–ù–æ—Å—Ñ–µ—Ä–∞—Ç—É, —Å–∏–º—Ñ–æ–Ω–∏—è —É–∂–∞—Å–∞,""7,9"",,1922,""['Fantasy, Horror']"""
"–ë–µ–ª–æ—Å–Ω–µ–∂–∫–∞ –∏ —Å–µ–º—å –≥–Ω–æ–º–æ–≤,""7,6"",,1937,""['Animation, Adventure']"""
"–ë–∏—Ç–≤–∞ –∑–∞ –ê–ª–∂–∏—Ä,""8,1"",,1966,""['Drama, War']"""
"–í–µ–ª–∏–∫–∞—è –∏–ª–ª—é–∑–∏—è,""8,1"",,1937,""['Drama, War']"""
"–ù–∞ —Å–µ–≤–µ—Ä —á–µ—Ä–µ–∑ —Å–µ–≤–µ—Ä–æ-–∑–∞–ø–∞–¥,""8,3"",,1959,""['Adventure, Mystery']"""
"–ë—É—á –ö—ç—Å—Å–∏–¥–∏ –∏ –°–∞–Ω–¥—ç–Ω—Å –ö–∏–¥,8,,1969,""['Biography, Comedy']"""
"–û—Ç–≤—Ä–∞—â–µ–Ω–∏–µ,""7,7"",,1965,""['Drama, Horror']"""
"–ú–∞–ª—å—Ç–∏–π—Å–∫–∏–π —Å–æ–∫–æ–ª,8,,1941,""['Crime, Film', 'Noir, Mystery']"""
"–ì—Ä–∞–≤–∏—Ç–∞—Ü–∏—è,""7,7"",,2013,""['Action, Drama']"""
"–°–∞–Ω—Å–µ—Ç –±—É–ª—å–≤–∞—Ä,""8,4"",,1950,""['Drama, Film']"""
"–ö–∏–Ω–≥ –ö–æ–Ω–≥,""7,9"",,1933,""['Adventure, Horror']"""
"–ò—Å—Ç–æ—Ä–∏—è –∏–≥—Ä—É—à–µ–∫,""8,3"",,1995,""['Animation, Adventure']"""
"–û–∫–Ω–æ –≤–æ –¥–≤–æ—Ä,""8,5"",,1954,""['Mystery, Thriller']"""
"–†–∞—Å—ë–º–æ–Ω,""8,2"",,1950,""['Crime, Drama']"""
"–ü—Ä–∏–∫–ª—é—á–µ–Ω–∏—è –†–æ–±–∏–Ω –ì—É–¥–∞,""7,9"",,1938,""['Action, Adventure']"""
"The Beatles: –í–µ—á–µ—Ä —Ç—Ä—É–¥–Ω–æ–≥–æ –¥–Ω—è,""7,6"",,1964,""['Comedy, Musical']"""
"–ù–µ–≤–µ—Å—Ç–∞ –§—Ä–∞–Ω–∫–µ–Ω—à—Ç–µ–π–Ω–∞,""7,8"",,1935,""['Drama, Horror']"""
"–ú —É–±–∏–π—Ü–∞,""8,3"",,1931,""['Crime, Mystery']"""
"–§–∏–ª–∞–¥–µ–ª—å—Ñ–∏–π—Å–∫–∞—è –∏—Å—Ç–æ—Ä–∏—è,""7,9"",,1940,""['Comedy, Romance']"""
"–°–æ–∫—Ä–æ–≤–∏—â–∞ –°—å–µ—Ä—Ä–∞ –ú–∞–¥—Ä–µ,""8,2"",,1948,""['Adventure, Drama']"""
"–ù–∞ –∑–∞–ø–∞–¥–Ω–æ–º —Ñ—Ä–æ–Ω—Ç–µ –±–µ–∑ –ø–µ—Ä–µ–º–µ–Ω,""8,1"",,1930,""['Drama, War']"""
"–ü–æ—Ö–∏—Ç–∏—Ç–µ–ª–∏ –≤–µ–ª–æ—Å–∏–ø–µ–¥–æ–≤,""8,3"",,1948,[]"
"–í—ã–ø—É—Å–∫–Ω–∏–∫,8,,1967,""['Comedy, Drama']"""
"–ê—Ä–º–∏—è —Ç–µ–Ω–µ–π,""8,2"",,1969,""['Drama, War']"""
–¢—Ä–∞–º–≤–∞–π ¬´–ñ–µ–ª–∞–Ω–∏–µ¬ª,8,,1951,[]
"–ù–æ—á—å –æ—Ö–æ—Ç–Ω–∏–∫–∞,8,,1955,""['Crime, Drama']"""
"–ü—Ä–æ–ª–µ—Ç–∞—è –Ω–∞–¥ –≥–Ω–µ–∑–¥–æ–º –∫—É–∫—É—à–∫–∏,""8,7"",,1975,[]"
"–†–µ–±–µ–∫–∫–∞,""8,1"",,1940,""['Drama, Film', 'Noir, Mystery']"""
"–°–µ–ª—å–º–∞,""7,5"",,2014,""['Biography, Drama']"""
"–†–µ–±–µ–Ω–æ–∫ –†–æ–∑–º–∞—Ä–∏,8,,1968,""['Drama, Horror']"""
"–§—Ä–∞–Ω–∫–µ–Ω—à—Ç–µ–π–Ω,""7,8"",,1931,""['Drama, Horror']"""
"–ü–∞—Ä–æ–≤–æ–∑ –ì–µ–Ω–µ—Ä–∞–ª,""8,1"",,1926,""['Action, Adventure']"""
–ö–æ–Ω—Ñ–æ—Ä–º–∏—Å—Ç,8,,1970,[]
"–ü–µ—á–∞—Ç—å –∑–ª–∞,8,,1958,""['Crime, Drama']"""
"–≠–Ω–Ω–∏ –•–æ–ª–ª,8,,1977,""['Comedy, Romance']"""
"–≠—Ç–∞ –∑–∞–º–µ—á–∞—Ç–µ–ª—å–Ω–∞—è –∂–∏–∑–Ω—å,""8,6"",,1946,""['Drama, Family']"""
"–î–µ–Ω—å, –∫–æ–≥–¥–∞ –æ—Å—Ç–∞–Ω–æ–≤–∏–ª–∞—Å—å –ó–µ–º–ª—è,""7,7"",,1951,""['Drama, Sci']"""
"–ü–æ–≤–µ–ª–∏—Ç–µ–ª—å –±—É—Ä–∏,""7,5"",,2008,""['Drama, Thriller']"""
"–°–µ–∫—Ä–µ—Ç—ã –õ–æ—Å-–ê–Ω–¥–∂–µ–ª–µ—Å–∞,""8,2"",,1997,""['Crime, Drama']"""
"–ë–µ–∑—É–º–Ω—ã–π –ú–∞–∫—Å: –î–æ—Ä–æ–≥–∞ —è—Ä–æ—Å—Ç–∏,""8,1"",,2015,""['Action, Adventure']"""
"–ü–∏–Ω–æ–∫–∫–∏–æ,""7,4"",,1940,""['Animation, Adventure']"""
"39 c—Ç—É–ø–µ–Ω–µ–π,""7,6"",,1935,""['Crime, Mystery']"""
"–†–∏–º, –æ—Ç–∫—Ä—ã—Ç—ã–π –≥–æ—Ä–æ–¥,""8,1"",,1945,""['Drama, Thriller']"""
"–¢–æ–∫–∏–π—Å–∫–∞—è –ø–æ–≤–µ—Å—Ç—å,""8,2"",,1953,[]"
"–ü–æ—Å–ª–µ–¥–Ω–∏–π –∫–∏–Ω–æ—Å–µ–∞–Ω—Å,8,,1971,""['Drama, Romance']"""
"–ì—Ä–æ–∑–¥—å—è –≥–Ω–µ–≤–∞,""8,1"",,1940,[]"
"–£–±–∏—Ç—å –ø–µ—Ä–µ—Å–º–µ—à–Ω–∏–∫–∞,""8,2"",,1962,""['Crime, Drama']"""
"–ú–∏—Å—Ç–µ—Ä –°–º–∏—Ç –µ–¥–µ—Ç –≤ –í–∞—à–∏–Ω–≥—Ç–æ–Ω,""8,1"",,1939,""['Comedy, Drama']"""
"–ü–ª–∞—Ç–∞ –∑–∞ —Å—Ç—Ä–∞—Ö,""8,1"",,1953,""['Adventure, Drama']"""
"–ü–∞—Ç—Ç–æ–Ω,""7,9"",,1970,""['Biography, Drama']"""
"–†–∏–º—Å–∫–∏–µ –∫–∞–Ω–∏–∫—É–ª—ã,8,,1953,""['Comedy, Romance']"""
"–†–æ–≤–Ω–æ –≤ –ø–æ–ª–¥–µ–Ω—å,8,,1952,""['Drama, Thriller']"""
"–î–≤–æ–π–Ω–∞—è —Å—Ç—Ä–∞—Ö–æ–≤–∫–∞,""8,3"",,1944,""['Crime, Drama']"""
"–§–æ—Ä—Ä–µ—Å—Ç –ì–∞–º–ø,""8,8"",,1994,""['Drama, Romance']"""
"–ú–æ–ª—á–∞–Ω–∏–µ —è–≥–Ω—è—Ç,""8,6"",,1991,""['Crime, Drama']"""
"–ù–µ—Ñ—Ç—å,""8,2"",,2007,[]"
"–ö—Ä–µ–ø–∫–∏–π –æ—Ä–µ—à–µ–∫,""8,2"",,1988,""['Action, Thriller']"""
"–§–∞—Ä–≥–æ,""8,1"",,1996,""['Crime, Thriller']"""
"–ö—Ä–∞—Å–æ—Ç–∞ –ø–æ-–∞–º–µ—Ä–∏–∫–∞–Ω—Å–∫–∏,""8,3"",,1999,[]"
"–ú–∞—Ç—Ä–∏—Ü–∞,""8,7"",,1999,""['Action, Sci']"""
"–ú–æ—Å—Ç —á–µ—Ä–µ–∑ —Ä–µ–∫—É –ö–≤–∞–π,""8,1"",,1957,""['Adventure, Drama']"""
"–õ—É—á—à–∏–µ –≥–æ–¥—ã –Ω–∞—à–µ–π –∂–∏–∑–Ω–∏,""8,1"",,1946,""['Drama, Romance']"""
"–†–æ–º–∞,""7,7"",,2018,[]"
"–ë–µ–ª–∞—è –≥–æ—Ä—è—á–∫–∞,""8,1"",,1949,""['Action, Crime']"""
"–ó–≤—É–∫–∏ –º—É–∑—ã–∫–∏,8,,1965,""['Biography, Drama']"""
"–ù–∞—á–∞–ª–æ,""8,8"",,2010,""['Action, Adventure']"""
"–ë–æ–Ω–Ω–∏ –∏ –ö–ª–∞–π–¥,""7,8"",,1967,""['Action, Biography']"""
"–ü–æ–ª—É–Ω–æ—á–Ω—ã–π –∫–æ–≤–±–æ–π,""7,8"",,1969,[]"
"–®–µ–π–Ω,""7,6"",,1953,""['Drama, Western']"""
"–ù–µ—Ç–µ—Ä–ø–∏–º–æ—Å—Ç—å,""7,7"",,1916,""['Drama, History']"""
"–ß–µ–ª–æ–≤–µ–∫ –Ω–∞ –ø—Ä–æ–≤–æ–ª–æ–∫–µ,""7,7"",,2008,""['Documentary, Biography']"""
"–ë—Ä–æ–Ω–µ–Ω–æ—Å–µ—Ü ¬´–ü–æ—Ç–µ–º–∫–∏–Ω¬ª,8,,1925,""['Drama, History']"""
"–ê–Ω–∞—Ç–æ–º–∏—è —É–±–∏–π—Å—Ç–≤–∞,8,,1959,""['Drama, Mystery']"""
"–õ–µ–æ–ø–∞—Ä–¥,8,,1963,""['Drama, History']"""
"–õ–µ–¥–∏ –∏—Å—á–µ–∑–∞–µ—Ç,""7,8"",,1938,""['Mystery, Thriller']"""
"–•–ª–∞–¥–Ω–æ–∫—Ä–æ–≤–Ω—ã–π –õ—é–∫,""8,1"",,1967,""['Crime, Drama']"""
"–ü–æ–¥–æ–∑—Ä–∏—Ç–µ–ª—å–Ω—ã–µ –ª–∏—Ü–∞,""8,5"",,1995,""['Crime, Drama']"""
"–°–∏—è–Ω–∏–µ,""8,4"",,1980,""['Drama, Horror']"""
"–ì–æ—Ä–æ–¥ –ë–æ–≥–∞,""8,6"",,2002,""['Crime, Drama']"""
"–°—Ö–≤–∞—Ç–∫–∞,""8,2"",,1995,""['Action, Crime']"""
"–î–æ–±—Ä—ã–µ —Å–µ—Ä–¥—Ü–∞ –∏ –∫–æ—Ä–æ–Ω—ã,8,,1949,""['Comedy, Crime']"""
"–ë–æ–ª—å—à–æ–π –õ–µ–±–æ–≤—Å–∫–∏,""8,1"",,1998,""['Comedy, Crime']"""
"–°–ª–∞–¥–∫–∞—è –∂–∏–∑–Ω—å,8,,1960,""['Comedy, Drama']"""
"–§–∞–Ω—Ç–∞–∑–∏—è,""7,7"",,1940,""['Animation, Family']"""
"–°—Ç–∞—Ä–∏–∫–∞–º —Ç—É—Ç –Ω–µ –º–µ—Å—Ç–æ,""8,1"",,2007,""['Crime, Drama']"""
"–≠—Ç–æ - Spinal Tap!,""7,9"",,1984,""['Comedy, Music']"""
"–¢—Ä–∏ —Ü–≤–µ—Ç–∞: –ö—Ä–∞—Å–Ω—ã–π,""8,1"",,1994,""['Drama, Mystery']"""
"–£–º–Ω–∏—Ü–∞ –£–∏–ª–ª –•–∞–Ω—Ç–∏–Ω–≥,""8,3"",,1997,""['Drama, Romance']"""
–í–æ—Å–µ–º—å —Å –ø–æ–ª–æ–≤–∏–Ω–æ–π,8,,1963,[]
"–£–Ω–µ—Å—ë–Ω–Ω—ã–µ –ø—Ä–∏–∑—Ä–∞–∫–∞–º–∏,""8,6"",,2001,""['Animation, Adventure']"""
"–õ–∞-–õ–∞ –õ–µ–Ω–¥,8,,2016,""['Comedy, Drama']"""
"–í–µ—Å—Ç—Å–∞–π–¥—Å–∫–∞—è –∏—Å—Ç–æ—Ä–∏—è,""7,5"",,1961,""['Crime, Drama']"""
"–û—Ö–æ—Ç–Ω–∏–∫ –Ω–∞ –æ–ª–µ–Ω–µ–π,""8,1"",,1978,""['Drama, War']"""
"–í–æ–µ–Ω–Ω–æ-–ø–æ–ª–µ–≤–æ–π –≥–æ—Å–ø–∏—Ç–∞–ª—å –ú.–≠.–®.,""7,4"",,1970,""['Comedy, Drama']"""
"–ö—Ä–∞—Å–∞–≤–∏—Ü–∞ –∏ —á—É–¥–æ–≤–∏—â–µ,8,,1991,""['Animation, Family']"""
"–ñ–∏–∑–Ω—å –¥—Ä—É–≥–∏—Ö,""8,4"",,2006,""['Drama, Mystery']"""
"–ê—Ä—Ç–∏—Å—Ç,""7,9"",,I) (,""['Comedy, Drama']"""
"–û–¥–µ—Ä–∂–∏–º–æ—Å—Ç—å,""8,5"",,2014,""['Drama, Music']"""
"–ö–æ—Ä–æ–ª—å –≥–æ–≤–æ—Ä–∏—Ç!,8,,2010,""['Biography, Drama']"""
"–í—Ço—Ä–∂–µ–Ω–∏–µ –ø–æ—Ö–∏—Ç–∏—Ç–µ–ª–µ–π —Ç–µ–ª,""7,7"",,1956,""['Drama, Horror']"""
"–ë—ë—Ä–¥–º—ç–Ω,""7,7"",,2014,""['Comedy, Drama']"""
"–ú–∞–Ω—á–µ—Å—Ç–µ—Ä —É –º–æ—Ä—è,""7,8"",,2016,[]"
"–í–ª–∞—Å—Ç–µ–ª–∏–Ω –∫–æ–ª–µ—Ü: –î–≤–µ –∫—Ä–µ–ø–æ—Å—Ç–∏,""8,7"",,2002,""['Action, Adventure']"""
"–ë–ª–∏–∑–∫–∏–µ –∫–æ–Ω—Ç–∞–∫—Ç—ã —Ç—Ä–µ—Ç—å–µ–π —Å—Ç–µ–ø–µ–Ω–∏,""7,6"",,1977,""['Drama, Sci']"""
"–ë—Ä—É–∫–ª–∏–Ω,""7,5"",,2015,""['Drama, Romance']"""
"–ú–∞–ª—ã—à–∫–∞ –Ω–∞ –º–∏–ª–ª–∏–æ–Ω,""8,1"",,2004,""['Drama, Sport']"""
"–ü–æ–¥–≤–æ–¥–Ω–∞—è –ª–æ–¥–∫–∞,""8,3"",,1981,""['Drama, War']"""
"–õ—é–±–æ–π —Ü–µ–Ω–æ–π,""7,6"",,II) ,""['Action, Crime']"""
"–û–±—ã–∫–Ω–æ–≤–µ–Ω–Ω—ã–µ –ª—é–¥–∏,""7,7"",,1980,[]"
"–ü–∏–∞–Ω–∏—Å—Ç,""8,5"",,2002,""['Biography, Drama']"""
"–ò–¥–∏ –∏ —Å–º–æ—Ç—Ä–∏,""8,3"",,1985,""['Drama, Thriller']"""
"–ù–æ–≤—ã–π –∫–∏–Ω–æ—Ç–µ–∞—Ç—Ä ¬´–ü–∞—Ä–∞–¥–∏–∑–æ¬ª,""8,5"",,1988,""['Drama, Romance']"""
"–ï–≥–æ –¥–µ–≤—É—à–∫–∞ –ü—è—Ç–Ω–∏—Ü–∞,""7,9"",,1940,""['Comedy, Drama']"""
"–ì–∞—Ä–æ–ª—å–¥ –∏ –ú–æ–¥,""7,9"",,1971,""['Comedy, Drama']"""
"–°–≤–∏–¥–µ—Ç–µ–ª—å –æ–±–≤–∏–Ω–µ–Ω–∏—è,""8,4"",,1957,""['Crime, Drama']"""
"–¢—Ä–æ–ø—ã —Å–ª–∞–≤—ã,""8,4"",,1957,""['Drama, War']"""
"–û—Å—Ç–∞–Ω—å—Å—è —Å–æ –º–Ω–æ–π,""8,1"",,1986,""['Adventure, Drama']"""
"–í–µ—á–Ω–æ–µ —Å–∏—è–Ω–∏–µ —á–∏—Å—Ç–æ–≥–æ —Ä–∞–∑—É–º–∞,""8,3"",,2004,""['Drama, Romance']"""
"–ë–∞—Ä—Ä–∏ –õ–∏–Ω–¥–æ–Ω,""8,1"",,1975,""['Adventure, Drama']"""
"–ê–º–∞–¥–µ–π,""8,3"",,1984,""['Biography, Drama']"""
"–û–ª–¥–±–æ–π,""8,4"",,2003,""['Action, Drama']"""
"–ö–æ—Ä–æ–ª—å –õ–µ–≤,""8,5"",,1994,""['Animation, Adventure']"""
"–û—Ç—Ä–æ—á–µ—Å—Ç–≤–æ,""7,9"",,I) (,[]"
"–û–ø–µ—Ä–∞—Ü–∏—è ¬´–ê—Ä–≥–æ¬ª,""7,7"",,2012,""['Biography, Drama']"""
"–¢–µ–ª—å–º–∞ –∏ –õ—É–∏–∑–∞,""7,5"",,1991,""['Adventure, Crime']"""
"–õ–µ—Å—Ç–Ω–∏—Ü–∞ –≤ –Ω–µ–±–æ,""8,1"",,1946,""['Drama, Fantasy']"""
"–ú–∞–Ω—Ö—ç—Ç—Ç–µ–Ω,""7,9"",,1979,""['Comedy, Drama']"""
"–ñ–∏–∑–Ω—å –∏ —Å–º–µ—Ä—Ç—å –ø–æ–ª–∫–æ–≤–Ω–∏–∫–∞ –ë–ª–∏–º–ø–∞,""8,1"",,1943,""['Drama, Romance']"""
"–ë–æ–ª—å—à–æ–π –ø–æ–±–µ–≥,""8,2"",,1963,""['Adventure, Drama']"""
"–°–ø–∞—Ä—Ç–∞–∫,""7,9"",,1960,""['Adventure, Biography']"""
"–ú–æ–Ω—Ç–∏ –ü–∞–π—Ç–æ–Ω –∏ —Å–≤—è—â–µ–Ω–Ω—ã–π –ì—Ä–∞–∞–ª—å,""8,2"",,1975,""['Adventure, Comedy']"""
"–ë—Ä–∞–∑–∏–ª–∏—è,""7,9"",,1985,""['Drama, Sci']"""
–ú–∞–≥–Ω–æ–ª–∏—è,8,,1999,[]
"–¢—É—Ç—Å–∏,""7,4"",,1982,""['Comedy, Drama']"""
"–û—Ç—Å—Ç—É–ø–Ω–∏–∫–∏,""8,5"",,2006,""['Action, Crime']"""
"–ü—Ä–∏–±—ã—Ç–∏–µ,""7,9"",,II) ,""['Drama, Sci']"""
"–ö–∞–∑–∏–Ω–æ –†–æ—è–ª—å,8,,2006,""['Action, Adventure']"""
"–ö–æ–≥–¥–∞ –ì–∞—Ä—Ä–∏ –≤—Å—Ç—Ä–µ—Ç–∏–ª –°–∞–ª–ª–∏,""7,6"",,1989,""['Comedy, Drama']"""
"–ú–∏–ª–ª–∏–æ–Ω–µ—Ä –∏–∑ —Ç—Ä—É—â–æ–±,8,,2008,""['Drama, Romance']"""
"–°–∏–Ω–∏–π –±–∞—Ä—Ö–∞—Ç,""7,7"",,1986,""['Crime, Drama']"""
"–ö–æ—Ä–æ–ª—å –∫–æ–º–µ–¥–∏–∏,""7,8"",,1982,""['Comedy, Crime']"""
"–ö–ª—É–± ¬´–ó–∞–≤—Ç—Ä–∞–∫¬ª,""7,8"",,1985,""['Comedy, Drama']"""
"–í–ê–õ–õ¬∑–ò,""8,4"",,2008,""['Animation, Adventure']"""
"–ì–æ–ª–æ–≤–æ–ª–æ–º–∫–∞,""8,1"",,I) (,""['Animation, Adventure']"""
"–í—ã—Ö–æ–¥–Ω–æ–π –¥–µ–Ω—å –§–µ—Ä—Ä–∏—Å–∞ –ë—å—é–ª–ª–µ—Ä–∞,""7,8"",,1986,[]"
"–ë–µ—Å–ø–µ—á–Ω—ã–π –µ–∑–¥–æ–∫,""7,3"",,1969,""['Adventure, Drama']"""
–ú–æ–ª–æ–¥–æ–π –§—Ä–∞–Ω–∫–µ–Ω—à—Ç–µ–π–Ω,8,,1974,[]
"–ê–º–µ–ª–∏,""8,3"",,2001,""['Comedy, Romance']"""
"–°–µ–º—å,""8,6"",,1995,""['Crime, Drama']"""
"–í—Å—è –ø—Ä–µ–∑–∏–¥–µ–Ω—Ç—Å–∫–∞—è —Ä–∞—Ç—å,8,,1976,""['Drama, History']"""
"–õ–µ–æ–Ω,""8,5"",,1994,""['Action, Crime']"""
"–ú–∞–ª—ã—à,""8,3"",,1921,""['Comedy, Drama']"""
"–°—Ç—Ä–∞—Å—Ç–∏ –ñ–∞–Ω–Ω—ã –¥'–ê—Ä–∫,""8,1"",,1928,""['Biography, Drama']"""
"–ñ–∏–∑–Ω—å –ø—Ä–µ–∫—Ä–∞—Å–Ω–∞,""8,6"",,1997,""['Comedy, Drama']"""
"–†–æ–∫–∫–∏,""8,1"",,1976,""['Drama, Sport']"""
"–ù–∞ –∏–≥–ª–µ,""8,1"",,1996,[]"
"–ó–≤—ë–∑–¥–Ω—ã–µ –≤–æ–π–Ω—ã. –≠–ø–∏–∑–æ–¥ 6: –í–æ–∑–≤—Ä–∞—â–µ–Ω–∏–µ –¥–∂–µ–¥–∞—è,""8,3"",,1983,""['Action, Adventure']"""
"–ó–æ–ª–æ—Ç–∞—è –ª–∏—Ö–æ—Ä–∞–¥–∫–∞,""8,2"",,1925,""['Adventure, Comedy']"""
"–ù–µ–ø—Ä–æ—â–µ–Ω–Ω—ã–π,""8,2"",,1992,""['Drama, Western']"""
"–ü–æ–º–Ω–∏,""8,4"",,2000,""['Mystery, Thriller']"""
"–í–æ—Å—Ö–æ–¥ —Å–æ–ª–Ω—Ü–∞,""8,1"",,1927,""['Drama, Romance']"""
"–ù—ç—à–≤–∏–ª–ª,""7,7"",,1975,""['Comedy, Drama']"""
"–£—Ç–∏–Ω—ã–π —Å—É–ø,""7,8"",,1933,""['Comedy, Musical']"""
"–°—Ç—Ä–∞–Ω—Å—Ç–≤–∏—è –°–∞–ª–ª–∏–≤–∞–Ω–∞,""7,9"",,1941,""['Adventure, Comedy']"""
"–ö–∞–±–∞—Ä–µ,""7,8"",,1972,""['Drama, Music']"""
"–¢–µ–ª–µ—Å–µ—Ç—å,""8,1"",,1976,[]"
"–°–ø–∞—Å—Ç–∏ —Ä—è–¥–æ–≤–æ–≥–æ –†–∞–π–∞–Ω–∞,""8,6"",,1998,""['Drama, War']"""
"–ê—Ñ—Ä–∏–∫–∞–Ω—Å–∫–∞—è –∫–æ—Ä–æ–ª–µ–≤–∞,""7,8"",,1951,""['Adventure, Drama']"""
–ö—Ç–æ –±–æ–∏—Ç—Å—è –í–∏—Ä–¥–∂–∏–Ω–∏–∏ –í—É–ª—å—Ñ?,8,,1966,[]
"–ö—Ä–∞—Å–Ω–∞—è —Ä–µ–∫–∞,""7,8"",,1948,""['Drama, Western']"""
"–ü–æ–ª—É–Ω–æ—á–Ω–∞—è –∂–∞—Ä–∞,""7,9"",,1967,""['Crime, Drama']"""
"–í —Å–ª—É—á–∞–µ —É–±–∏–π—Å—Ç–≤–∞ –Ω–∞–±–∏—Ä–∞–π—Ç–µ ¬´–ú¬ª,""8,2"",,1954,""['Crime, Thriller']"""
"–î–∏–∫–∞—è –±–∞–Ω–¥–∞,""7,9"",,1969,""['Action, Adventure']"""
"–¢–∏—Ç–∞–Ω–∏–∫,""7,8"",,1997,""['Drama, Romance']"""
"–í–µ—á–µ—Ä –≤ –æ–ø–µ—Ä–µ,""7,9"",,1935,""['Comedy, Music']"""
"–í–∑–≤–æ–¥,""8,1"",,1986,""['Drama, War']"""
"–û–¥–Ω–∞–∂–¥—ã –≤ –ê–º–µ—Ä–∏–∫–µ,""8,3"",,1984,""['Crime, Drama']"""
"–î—É—Ö —É–ª—å—è,""7,9"",,1973,""['Drama, Fantasy']"""
"–†–∞–∑–≤–æ–¥ –ù–∞–¥–µ—Ä–∞ –∏ –°–∏–º–∏–Ω,""8,3"",,2011,[]"
"–ò—Å—Ç–æ—Ä–∏—è –∏–≥—Ä—É—à–µ–∫ 3,""8,2"",,2010,""['Animation, Adventure']"""
"–í–æ—Å–ø–∏—Ç–∞–Ω–∏–µ –∫—Ä–æ—à–∫–∏,""7,9"",,1938,[]"
"–®–µ—Å—Ç–æ–µ —á—É–≤—Å—Ç–≤–æ,""8,1"",,1999,""['Drama, Mystery']"""
"–í—Ä–µ–º—è —Å–≤–∏–Ω–≥–∞,""7,6"",,1936,""['Comedy, Musical']"""
"–†–∞–∑–≥–æ–≤–æ—Ä,""7,8"",,1974,""['Drama, Mystery']"""
"–í—ã–±–æ—Ä –°–æ—Ñ–∏,""7,6"",,1982,""['Drama, Romance']"""
"–§—Ä–∞–Ω—Ü—É–∑—Å–∫–∏–π —Å–≤—è–∑–Ω–æ–π,""7,7"",,1971,""['Action, Crime']"""
"–î–µ–ª–∞–π –∫–∞–∫ –Ω–∞–¥–æ,8,,1989,""['Comedy, Drama']"""
"–Ø–Ω–∫–∏ –î—É–¥–ª –î–µ–Ω–¥–∏,""7,7"",,1942,""['Biography, Drama']"""
"–ë–µ–Ω-–ì—É—Ä,""8,1"",,1959,""['Adventure, Drama']"""
"–ë—É–Ω—Ç–∞—Ä—å –±–µ–∑ –ø—Ä–∏—á–∏–Ω—ã,""7,7"",,1955,[]"
"–ü–æ—á—Ç–∏ –∑–Ω–∞–º–µ–Ω–∏—Ç,""7,9"",,2000,""['Adventure, Comedy']"""
"–ì–æ—Ä–±–∞—Ç–∞—è –≥–æ—Ä–∞,""7,7"",,2005,""['Drama, Romance']"""
"–§–∏—Ü–∫–∞—Ä—Ä–∞–ª—å–¥–æ,""8,1"",,1982,""['Adventure, Drama']"""
"–î–∏–ª–∏–∂–∞–Ω—Å,""7,9"",,1939,""['Adventure, Drama']"""
"–ê–Ω–≥–ª–∏–π—Å–∫–∏–π –ø–∞—Ü–∏–µ–Ω—Ç,""7,4"",,1996,""['Drama, Romance']"""
"–ê–º–µ—Ä–∏–∫–∞–Ω—Å–∫–∞—è –∏—Å—Ç–æ—Ä–∏—è –ò–∫—Å,""8,5"",,1998,[]"
"–í–µ–ª–∏–∫–æ–ª–µ–ø–∏–µ –ê–º–±–µ—Ä—Å–æ–Ω–æ–≤,""7,7"",,1942,""['Drama, Romance']"""
"–ê—Ñ–µ—Ä–∞,""8,3"",,1973,""['Comedy, Crime']"""
"–ße–ª–æ–≤–µ–∫ –Ω–∞ –≤—Å–µ –≤—Ä–µ–º–µ–Ω–∞,""7,7"",,1966,""['Biography, Drama']"""
"–¢—Ä—É–¥–Ω–æ—Å—Ç–∏ –ø–µ—Ä–µ–≤–æ–¥–∞,""7,7"",,2003,""['Comedy, Drama']"""
"–ë–µ—à–µ–Ω—ã–µ –ø—Å—ã,""8,3"",,1992,""['Crime, Drama']"""
"–í–ª—é–±–ª–µ–Ω–Ω—ã–π –®–µ–∫—Å–ø–∏—Ä,""7,1"",,1998,""['Comedy, Drama']"""
"–ò–Ω–¥–∏–∞–Ω–∞ –î–∂–æ–Ω—Å –∏ –ø–æ—Å–ª–µ–¥–Ω–∏–π –∫—Ä–µ—Å—Ç–æ–≤—ã–π –ø–æ—Ö–æ–¥,""8,2"",,1989,""['Action, Adventure']"""
"–ü—Ä–∏–Ω—Ü–µ—Å—Å–∞-–Ω–µ–≤–µ—Å—Ç–∞,""8,1"",,1987,""['Adventure, Family']"""
"–°–æ–ª—è—Ä–∏—Å,8,,1972,""['Drama, Mystery']"""
"–ñ–µ–Ω—â–∏–Ω–∞ –Ω–µ –≤ —Å–µ–±–µ,""8,2"",,1974,""['Drama, Romance']"""
"–í–≤–µ—Ä—Ö,""8,2"",,2009,""['Animation, Adventure']"""
"–ó–µ–ª—ë–Ω–∞—è –º–∏–ª—è,""8,6"",,1999,""['Crime, Drama']"""
"–î–æ–∫—Ç–æ—Ä –ñ–∏–≤–∞–≥–æ,8,,1965,""['Drama, Romance']"""
"–õ–∞–±–∏—Ä–∏–Ω—Ç –§–∞–≤–Ω–∞,""8,2"",,2006,""['Drama, Fantasy']"""
"–ì–æ–ª–¥—Ñ–∏–Ω–≥–µ—Ä,""7,7"",,1964,""['Action, Adventure']"""
"–ê—ç—Ä–æ–ø–ª–∞–Ω,""7,7"",,1980,[]"
"–†–µ–∫–≤–∏–µ–º –ø–æ –º–µ—á—Ç–µ,""8,3"",,2000,[]"
"–ù–µ—á—Ç–æ,""8,1"",,1982,""['Horror, Mystery']"""
"–ü–∞—Ä–∫ —é—Ä—Å–∫–æ–≥–æ –ø–µ—Ä–∏–æ–¥–∞,""8,1"",,1993,""['Action, Adventure']"""
"–¢–µ—Ä–º–∏–Ω–∞—Ç–æ—Ä,8,,1984,""['Action, Sci']"""
"–°–≤–µ—Ä–∫–∞—é—â–∏–µ —Å–µ–¥–ª–∞,""7,7"",,1974,""['Comedy, Western']"""
"–í –ø–æ–∏—Å–∫–∞—Ö –ù–µ–º–æ,""8,1"",,2003,""['Animation, Adventure']"""
"–†–µ—Å—Ç–ª–µ—Ä,""7,9"",,2008,""['Drama, Sport']"""
"–ü–µ—Ä–µ–¥ –∑–∞–∫–∞—Ç–æ–º,""8,1"",,2004,""['Drama, Romance']"""
"–ë—É–Ω–∫–µ—Ä,""8,2"",,2004,""['Biography, Drama']"""
"–¶–µ–ª—å–Ω–æ–º–µ—Ç–∞–ª–ª–∏—á–µ—Å–∫–∞—è –æ–±–æ–ª–æ—á–∫–∞,""8,3"",,1987,""['Drama, War']"""
"–¢–æ–Ω–∫–∞—è –∫—Ä–∞—Å–Ω–∞—è –ª–∏–Ω–∏—è,""7,6"",,1998,""['Drama, History']"""
–†–∏–æ –ë—Ä–∞–≤–æ,8,,1959,[]
"–•–∞—Ä–≤–∏,""7,9"",,1950,""['Comedy, Drama']"""
"–ü–ª–∞–Ω–µ—Ç–∞ –æ–±–µ–∑—å—è–Ω,8,,1968,""['Adventure, Sci']"""
"–ú–æ–≥–∏–ª–∞ —Å–≤–µ—Ç–ª—è—á–∫–æ–≤,""8,5"",,1988,""['Animation, Drama']"""
"–ù–µ–Ω–∞–≤–∏—Å—Ç—å,""8,1"",,1995,""['Crime, Drama']"""
"–¢—Ä–∏ —Ü–≤–µ—Ç–∞: –°–∏–Ω–∏–π,""7,9"",,1993,""['Drama, Music']"""
"–ó–≤–µ–∑–¥–Ω—ã–π –ø—É—Ç—å 2: –ì–Ω–µ–≤ –•–∞–Ω–∞,""7,7"",,1982,""['Action, Adventure']"""
"–ß–µ–ª–æ–≤–µ–∫, –∫–æ—Ç–æ—Ä—ã–π —Ö–æ—Ç–µ–ª –±—ã—Ç—å –∫–æ—Ä–æ–ª–µ–º,""7,8"",,1975,""['Adventure, History']"""
"–ö—Ä–∞—Å–Ω—ã–µ –±–∞—à–º–∞—á–∫–∏,""8,1"",,1948,""['Drama, Music']"""
"–ì–ª–∞–¥–∏–∞—Ç–æ—Ä,""8,5"",,2000,""['Action, Adventure']"""
"–ù–æ—á–∏ –≤ —Å—Ç–∏–ª–µ –±—É–≥–∏,""7,9"",,1997,[]"
"–ö—Ä–∞—Å–∞–≤–∏—Ü–∞ –∏ —á—É–¥–æ–≤–∏—â–µ,""7,9"",,1946,""['Drama, Fantasy']"""
"–ü—É—Å—Ç–æ—à–∏,""7,8"",,1973,""['Action, Crime']"""
"–ú–æ–π –æ—Ç–µ—Ü –∏ –º–æ–π —Å—ã–Ω,""8,2"",,2005,""['Drama, Family']"""
"–ßy–¥–æ –Ω–∞ 34-–π —É–ª–∏—Ü–µ,""7,9"",,1947,""['Comedy, Drama']"""
"–ù–∞ –Ω–µ—Å–∫–æ–ª—å–∫–æ –¥–æ–ª–ª–∞—Ä–æ–≤ –±–æ–ª—å—à–µ,""8,2"",,1965,[]"
"–°—É–ø–µ—Ä–º–µ–Ω,""7,3"",,1978,""['Action, Adventure']"""
"–î–µ—Ç–∏ –Ω–µ–±–µ—Å,""8,3"",,1997,""['Drama, Family']"""
"–†–∞–Ω,""8,2"",,1985,""['Action, Drama']"""
"–û—Ö–æ—Ç–∞,""8,3"",,2012,[]"
"–î–Ω–∏ –∂–∞—Ç–≤—ã,""7,8"",,1978,""['Drama, Romance']"""
"–•—Ä–∞–±—Ä–æ–µ —Å–µ—Ä–¥—Ü–µ,""8,3"",,1995,""['Biography, Drama']"""
"–ì–∞—Ä—Ä–∏ –ü–æ—Ç—Ç–µ—Ä –∏ –î–∞—Ä—ã —Å–º–µ—Ä—Ç–∏: –ß–∞—Å—Ç—å II,""8,1"",,2011,""['Adventure, Fantasy']"""
"–ö–æ–º–Ω–∞—Ç–∞,""8,1"",,I) (,""['Drama, Thriller']"""
"–î–∂–∞–Ω–≥–æ –æ—Å–≤–æ–±–æ–∂–¥–µ–Ω–Ω—ã–π,""8,4"",,2012,""['Drama, Western']"""
"–ê–∫–∞–¥–µ–º–∏—è –†–∞—à–º–æ—Ä,""7,7"",,1998,""['Comedy, Drama']"""
"–ü—Ä–æ—á—å,""7,7"",,I) (,""['Horror, Mystery']"""
"–õ–∏—Ü–æ —Å–æ —à—Ä–∞–º–æ–º,""8,3"",,1983,""['Crime, Drama']"""
"–ë–µ—Å—Å–ª–∞–≤–Ω—ã–µ —É–±–ª—é–¥–∫–∏,""8,3"",,2009,""['Adventure, Drama']"""
"–î—Ä–∞–π–≤,""7,8"",,I) (,""['Action, Drama']"""
"–ó–≤—ë–∑–¥–Ω—ã–µ –≤–æ–π–Ω—ã: –ü—Ä–æ–±—É–∂–¥–µ–Ω–∏–µ –°–∏–ª—ã,""7,8"",,2015,""['Action, Adventure']"""
"–°–µ–¥—å–º–∞—è –ø–µ—á–∞—Ç—å,""8,2"",,1957,""['Drama, Fantasy']"""
"–°–ª—É–∂–∞–Ω–∫–∞,""8,1"",,2016,""['Drama, Romance']"""
"–®–æ—É –¢—Ä—É–º–∞–Ω–∞,""8,1"",,1998,""['Comedy, Drama']"""
"–ú–∞–ª—Ö–æ–ª–ª–∞–Ω–¥ –î—Ä–∞–π–≤,""7,9"",,2001,""['Drama, Mystery']"""
"–ñ–∏–∑–Ω—å –ë—Ä–∞–π–∞–Ω–∞ –ø–æ –ú–æ–Ω—Ç–∏ –ü–∞–π—Ç–æ–Ω,""8,1"",,1979,[]"
–ò–∑–≥–æ–Ω—è—é—â–∏–π –¥—å—è–≤–æ–ª–∞,8,,1973,[]
"–ê–ª–∞–¥–¥–∏–Ω,8,,1992,""['Animation, Adventure']"""
"–í–æ–ª–∫ —Å –£–æ–ª–ª-—Å—Ç—Ä–∏—Ç,""8,2"",,2013,""['Biography, Comedy']"""
"–î–æ–Ω–Ω–∏ –î–∞—Ä–∫–æ,8,,2001,""['Drama, Mystery']"""
"–ü–µ—Ä–µ–¥ —Ä–∞—Å—Å–≤–µ—Ç–æ–º,""8,1"",,1995,""['Drama, Romance']"""
"–í–ø—É—Å—Ç–∏ –º–µ–Ω—è,""7,9"",,2008,""['Crime, Drama']"""
"–£–ª—å—Ç–∏–º–∞—Ç—É–º –ë–æ—Ä–Ω–∞,8,,2007,""['Action, Adventure']"""
"–¢–æ—Ä–∂–µ—Å—Ç–≤–æ,""8,1"",,1998,[]"
"–†–∞—Ç–∞—Ç—É–π,8,,2007,""['Animation, Adventure']"""
"–î–∂–æ–Ω –§. –ö–µ–Ω–Ω–µ–¥–∏: –í—ã—Å—Ç—Ä–µ–ª—ã –≤ –î–∞–ª–ª–∞—Å–µ,8,,1991,""['Drama, History']"""
"–ö–Ω–∏–≥–∞ –¥–∂—É–Ω–≥–ª–µ–π,""7,6"",,1967,""['Animation, Adventure']"""
"–ë–∞–Ω–¥–∏—Ç,""8,2"",,1996,""['Crime, Drama']"""
"–î–∏—Ç—è —á–µ–ª–æ–≤–µ—á–µ—Å–∫–æ–µ,""7,9"",,2006,""['Action, Drama']"""
"–°–æ—Ü–∏–∞–ª—å–Ω–∞—è —Å–µ—Ç—å,""7,7"",,2010,""['Biography, Drama']"""
"–ü—Ä–∏–Ω—Ü–µ—Å—Å–∞ –ú–æ–Ω–æ–Ω–æ–∫–µ,""8,4"",,1997,""['Animation, Action']"""
"–ñ–∏—Ç—å,""8,3"",,1952,[]"
"–°—É–ø–µ—Ä—Å–µ–º–µ–π–∫–∞,8,,2004,""['Animation, Action']"""
"1+1,""8,5"",,2011,""['Biography, Comedy']"""
"–ß–µ–ª–æ–≤–µ–∫-–°–ª–æ–Ω,""8,1"",,1980,""['Biography, Drama']"""
"–í–æ –∏–º—è –æ—Ç—Ü–∞,""8,1"",,1993,""['Biography, Crime']"""
"–£–±–∏—Ç—å –ë–∏–ª–ª–∞,""8,1"",,2003,""['Action, Crime']"""
"–ë–µ–≥—É—â–∏–π –ø–æ –ª–µ–∑–≤–∏—é 2049,8,,2017,""['Action, Drama']"""
"007: –ö–æ–æ—Ä–¥–∏–Ω–∞—Ç—ã ¬´–°–∫–∞–π—Ñ–æ–ª–ª¬ª,""7,8"",,2012,""['Action, Adventure']"""
"–ë—Ä–∞—Ç—å—è –ë–ª—é–∑,""7,9"",,1980,""['Action, Adventure']"""
"–¢–∞–π–Ω–∞ –≤ –µ–≥–æ –≥–ª–∞–∑–∞—Ö,""8,2"",,2009,""['Drama, Mystery']"""
"–î–µ–Ω—å —Å—É—Ä–∫–∞,8,,1993,""['Comedy, Fantasy']"""
"–¢–µ–ª–æ—Ö—Ä–∞–Ω–∏—Ç–µ–ª—å,""8,2"",,1961,""['Action, Drama']"""
"–ê–º–µ—Ä–∏–∫–∞–Ω—Å–∫–∏–µ –≥—Ä–∞—Ñ—Ñ–∏—Ç–∏,""7,4"",,1973,""['Comedy, Drama']"""
"–ü—Ä–µ—Å—Ç—É–ø–ª–µ–Ω–∏—è –∏ –ø—Ä–æ—Å—Ç—É–ø–∫–∏,""7,9"",,1989,""['Comedy, Drama']"""
"–°—É–∫–∞ –ª—é–±–æ–≤—å,""8,1"",,2000,""['Drama, Thriller']"""
"–•–æ–¥—è—á–∏–π –∑–∞–º–æ–∫,""8,2"",,2004,""['Animation, Adventure']"""
"–ì–∞–Ω–¥–∏,8,,1982,""['Biography, Drama']"""
"–ú–æ–π —Å–æ—Å–µ–¥ –¢–æ—Ç–æ—Ä–æ,""8,2"",,1988,""['Animation, Comedy']"""
"–î—É—Ä–Ω–∞—è —Å–ª–∞–≤–∞,8,,1946,""['Drama, Film', 'Noir, Romance']"""
"–ù—é—Ä–Ω–±–µ—Ä–≥—Å–∫–∏–π –ø—Ä–æ—Ü–µ—Å—Å,""8,2"",,1961,""['Drama, War']"""
"–°–ª–∞–¥–∫–∏–π –∑–∞–ø–∞—Ö —É—Å–ø–µ—Ö–∞,8,,1957,""['Drama, Film']"""
"–ú—ç—Ä–∏ –∏ –ú–∞–∫—Å,""8,1"",,2009,""['Animation, Comedy']"""
"–û–Ω–∞,8,,2013,""['Drama, Romance']"""
"–ü–æ–∂–∞—Ä—ã,""8,3"",,2010,""['Drama, Mystery']"""
"–ù–µ–∑–Ω–∞–∫–æ–º—Ü—ã –≤ –ø–æ–µ–∑–¥–µ,8,,1951,""['Crime, Drama']"""
"–ì–æ—Ä–æ–¥ –≥—Ä–µ—Ö–æ–≤,8,,2005,""['Crime, Thriller']"""
"–ö–∞—Ä—Ç—ã, –¥–µ–Ω—å–≥–∏, –¥–≤–∞ —Å—Ç–≤–æ–ª–∞,""8,2"",,1998,""['Action, Comedy']"""
"–§–∞–≤–æ—Ä–∏—Ç–∫–∞,""7,5"",,2018,""['Biography, Comedy']"""
"–ü–µ—Ä–µ–¥ –ø–æ–ª—É–Ω–æ—á—å—é,""7,9"",,2013,""['Drama, Romance']"""
"–ò–≥—Ä—ã —Ä–∞–∑—É–º–∞,""8,2"",,2001,""['Biography, Drama']"""
"–ü—É—Ç—å –ö–∞—Ä–ª–∏—Ç–æ,""7,9"",,1993,""['Crime, Drama']"""
"–ù–µ–ø—Ä–∏–∫–∞—Å–∞–µ–º—ã–µ,""7,9"",,1987,""['Crime, Drama']"""
"–ö–∞–∑–∏–Ω–æ,""8,2"",,1995,""['Crime, Drama']"""
"–ì—Ä–∞–Ω –¢–æ—Ä–∏–Ω–æ,""8,1"",,2008,[]"
"–í–æ—Å–ø–æ–º–∏–Ω–∞–Ω–∏—è –æ–± —É–±–∏–π—Å—Ç–≤–µ,""8,1"",,2003,""['Crime, Drama']"""
"–ü–æ —Å–æ–æ–±—Ä–∞–∂–µ–Ω–∏—è–º —Å–æ–≤–µ—Å—Ç–∏,""8,1"",,2016,""['Biography, Drama']"""
"–ú–æ–π –ø–∞—Ä–µ–Ω—å - –ø—Å–∏—Ö,""7,7"",,2012,""['Comedy, Drama']"""
"–ú–∞–ª–µ–Ω—å–∫–∞—è –ú–∏—Å—Å –°—á–∞—Å—Ç—å–µ,""7,8"",,2006,""['Comedy, Drama']"""
"–ù–æ—á–∏ –ö–∞–±–∏—Ä–∏–∏,""8,1"",,1957,[]"
"–í –¥–∏–∫–∏—Ö —É—Å–ª–æ–≤–∏—è—Ö,""8,1"",,2007,""['Adventure, Biography']"""
"–î—é–Ω–∫–µ—Ä–∫,""7,8"",,2017,""['Action, Drama']"""
"–ú–∞–≥–∞–∑–∏–Ω–Ω—ã–µ –≤–æ—Ä–∏—à–∫–∏,""7,9"",,2018,""['Crime, Drama']"""
"–°—Ç–∞–ª–∫–µ—Ä,""8,1"",,1979,""['Drama, Sci']"""
"–î—å—è–≤–æ–ª–∏—Ü—ã,""8,1"",,1955,""['Crime, Drama']"""
"–¢–∏–ø–∞ –∫—Ä—É—Ç—ã–µ –ª–µ–≥–∞–≤—ã–µ,""7,8"",,2007,""['Action, Comedy']"""
"–ò—Å—á–µ–∑–Ω—É–≤—à–∞—è,""8,1"",,2014,""['Drama, Mystery']"""
"–û—Ç–µ–ª—å ¬´–†—É–∞–Ω–¥–∞¬ª,""8,1"",,2004,""['Biography, Drama']"""
"–î–∏–∫–∏–µ –∏—Å—Ç–æ—Ä–∏–∏,""8,1"",,2014,""['Comedy, Drama']"""
"–û—Ç–µ–ª—å ¬´–ì—Ä–∞–Ω–¥ –ë—É–¥–∞–ø–µ—à—Ç¬ª,""8,1"",,2014,""['Adventure, Comedy']"""
"–ü–ª–µ–Ω–Ω–∏—Ü—ã,""8,1"",,2013,""['Crime, Drama']"""
"–ü–µ—Ä—Å–æ–Ω–∞,""8,1"",,1966,""['Drama, Thriller']"""
"–ò—Å—Ç–æ—Ä–∏—è –∏–≥—Ä—É—à–µ–∫ 2,""7,9"",,1999,""['Animation, Adventure']"""
–ö–æ—Ä–æ—Ç–∫–∏–π —Å—Ä–æ–∫ 12,8,,2013,[]
"–ú–∞—Ä—Å–∏–∞–Ω–∏–Ω,8,,2015,""['Adventure, Drama']"""
"–ì–æ–Ω–∫–∞,""8,1"",,I) (,""['Action, Biography']"""
"–•–∞—Ç–∏–∫–æ: —Å–∞–º—ã–π –≤–µ—Ä–Ω—ã–π –¥—Ä—É–≥,""8,1"",,2009,""['Biography, Drama']"""
"–†–∞—Å—Å–≤–µ—Ç –º–µ—Ä—Ç–≤–µ—Ü–æ–≤,""7,9"",,1978,""['Horror, Thriller']"""
"–ü–æ–π–º–∞–π –º–µ–Ω—è, –µ—Å–ª–∏ —Å–º–æ–∂–µ—à—å,""8,1"",,2002,""['Biography, Crime']"""
"–ê–∫–∏—Ä–∞,8,,1988,""['Animation, Action']"""
"–ë—É–º–∞–∂–Ω–∞—è –ª—É–Ω–∞,""8,1"",,1973,""['Comedy, Crime']"""
"–î–≤–æ–π–Ω–∞—è —Ä–æ–∫–∏—Ä–æ–≤–∫–∞,8,,2002,""['Action, Crime']"""
"–ú—ç—Ä–∏ –ü–æ–ø–ø–∏–Ω—Å,""7,8"",,1964,""['Comedy, Family']"""
"–°–æ–±–∞—á–∏–π –ø–æ–ª–¥–µ–Ω—å,8,,1975,""['Biography, Crime']"""
"–¢—Ä–∏–æ –∏–∑ –ë–µ–ª—å–≤–∏–ª–ª—è,""7,8"",,2003,""['Animation, Comedy']"""
"–ù–µ–±–æ –Ω–∞–¥ –ë–µ—Ä–ª–∏–Ω–æ–º,8,,1987,""['Drama, Fantasy']"""
"–ß—Ç–æ —Å–ª—É—á–∏–ª–æ—Å—å —Å –ë—ç–±–∏ –î–∂–µ–π–Ω?,""8,1"",,1962,""['Drama, Horror']"""
"–ê–Ω–æ–º–∞–ª–∏–∑–∞,""7,3"",,2015,""['Animation, Comedy']"""
"–≠–¥–≤–∞—Ä–¥ —Ä—É–∫–∏-–Ω–æ–∂–Ω–∏—Ü—ã,""7,9"",,1990,""['Drama, Fantasy']"""
"–û—Ö–æ—Ç–Ω–∏–∫–∏ –∑–∞ –ø—Ä–∏–≤–∏–¥–µ–Ω–∏—è–º–∏,""7,8"",,1984,""['Action, Comedy']"""
"–•—ç–ª–ª–æ—É–∏–Ω,""7,7"",,1978,""['Horror, Thriller']"""
"–ë–µ—Å–ø–æ–¥–æ–±–Ω—ã–π –º–∏—Å—Ç–µ—Ä –§–æ–∫—Å,""7,9"",,2009,""['Animation, Adventure']"""
–ü—Ä–∏—Å–ª—É–≥–∞,8,,2011,[]
"–ü–æ–¥ –∫–∞–π—Ñ–æ–º –∏ –≤ —Å–º—è—Ç–µ–Ω–∏–∏,""7,6"",,1993,[]"
"–ö–æ—à–º–∞—Ä –ø–µ—Ä–µ–¥ –†–æ–∂–¥–µ—Å—Ç–≤–æ–º,8,,1993,""['Animation, Family']"""
"–õ—é–±–æ–≤–Ω–æ–µ –Ω–∞—Å—Ç—Ä–æ–µ–Ω–∏–µ,""8,1"",,2000,""['Drama, Romance']"""
"–°—Ç–∞–ª—å–Ω–æ–π –≥–∏–≥–∞–Ω—Ç,8,,1999,""['Animation, Action']"""
"–ú—Å—Ç–∏—Ç–µ–ª–∏,8,,2012,""['Action, Adventure']"""
"–ó–∞–ø—Ä–µ—Ç–Ω–∞—è –ø–ª–∞–Ω–µ—Ç–∞,""7,6"",,1956,""['Adventure, Sci']"""
"–ó–µ–º–ª—è–Ω–∏—á–Ω–∞—è –ø–æ–ª—è–Ω–∞,""8,2"",,1957,""['Drama, Romance']"""
"–ß–µ–ª–æ–≤–µ–∫, –∫–æ—Ç–æ—Ä—ã–π –∑–∞—Å—Ç—Ä–µ–ª–∏–ª –õ–∏–±–µ—Ä—Ç–∏ –í—ç–ª–∞–Ω—Å–∞,""8,1"",,1962,""['Drama, Western']"""
"–•–æ—á—É –∂–µ–Ω–∏—Ç—å—Å—è –Ω–∞ –¥–æ—á–µ—Ä–∏ –º–∏–ª–ª–∏–æ–Ω–µ—Ä–∞,""8,1"",,1994,""['Action, Comedy']"""
"–ù–∞–≤—Å–∏–∫–∞—è –∏–∑ –î–æ–ª–∏–Ω—ã –≤–µ—Ç—Ä–æ–≤,""8,1"",,1984,""['Animation, Adventure']"""
"–ü–∏—Å—å–º–∞ —Å –ò–≤–æ–¥–∑–∏–º—ã,""7,9"",,2006,""['Action, Adventure']"""
"–ì–µ—Ä–æ–π,""7,9"",,2002,""['Action, Adventure']"""
"–ü–∞—Ä–∏–∂, –¢–µ—Ö–∞—Å,""8,1"",,1984,[]"
"–§–∞–Ω–Ω–∏ –∏ –ê–ª–µ–∫—Å–∞–Ω–¥—Ä,""8,1"",,1982,[]"
"–¢–∞–∏–Ω—Å—Ç–≤–µ–Ω–Ω–∞—è —Ä–µ–∫–∞,""7,9"",,2003,""['Crime, Drama']"""
"–ú–∞–ª—ã—à –Ω–∞ –¥—Ä–∞–π–≤–µ,""7,6"",,2017,""['Action, Crime']"""
"–ë–æ–ª—å—à–æ–π –∫—É—à,""8,2"",,2000,""['Comedy, Crime']"""
"–í–æ–∏–Ω,""8,1"",,2011,""['Action, Drama']"""
–û—Ç—Ç–æ—á–µ–Ω–Ω–æ–µ –ª–µ–∑–≤–∏–µ,8,,1996,[]
"–ê–Ω–¥–µ–≥—Ä–∞—É–Ω–¥,""8,1"",,1995,""['Comedy, Drama']"""
–ö–æ—à–∫–∞ –Ω–∞ —Ä–∞—Å–∫–∞–ª–µ–Ω–Ω–æ–π –∫—Ä—ã—à–µ,8,,1958,[]
"–≠–ª–∏—Ç–Ω—ã–π –æ—Ç—Ä—è–¥,8,,2007,""['Action, Crime']"""
"¬´V¬ª –∑–Ω–∞—á–∏—Ç –í–µ–Ω–¥–µ—Ç—Ç–∞,""8,1"",,2005,""['Action, Drama']"""
"–°–∞–º—É—Ä–∞–π,""8,1"",,1967,""['Crime, Drama']"""
"–ß–µ–ª–æ–≤–µ–∫-–ø–∞—É–∫: –ß–µ—Ä–µ–∑ –í—Å–µ–ª–µ–Ω–Ω—ã–µ,""8,4"",,2018,""['Animation, Action']"""
"–í–µ—Å–Ω–∞, –ª–µ—Ç–æ, –æ—Å–µ–Ω—å, –∑–∏–º–∞... –∏ —Å–Ω–æ–≤–∞ –≤–µ—Å–Ω–∞,8,,2003,""['Drama, Romance']"""
"–õ–µ–≥–µ–Ω–¥–∞ –æ –ø–∏–∞–Ω–∏—Å—Ç–µ,""8,1"",,1998,""['Drama, Music']"""
"–ò—Å—Ç–æ—Ä–∏—è –≠–ª–ª–∏,8,,2009,""['Drama, Mystery']"""
"–ê–¥–∞–ø—Ç–∞—Ü–∏—è,""7,7"",,2002,""['Comedy, Drama']"""
"–õ–µ–¥–∏ –ë—ë—Ä–¥,""7,4"",,2017,""['Comedy, Drama']"""
"–¢–∞–Ω—Ü—É—é—â–∏–π —Å –≤–æ–ª–∫–∞–º–∏,8,,1990,""['Adventure, Drama']"""
"–ü–æ—Å–ª–∞–Ω–∏–µ,""8,2"",,1976,""['Biography, Drama']"""
"–ú—É–∂—Å–∫–∏–µ —Ä–∞–∑–±–æ—Ä–∫–∏,""8,1"",,1955,""['Crime, Drama']"""
"–õ–æ–≥–∞–Ω,""8,1"",,2017,""['Action, Drama']"""
"–≠–ª–∏—Ç–Ω—ã–π –æ—Ç—Ä—è–¥: –í—Ä–∞–≥ –≤–Ω—É—Ç—Ä–∏,8,,2010,""['Action, Crime']"""
"–ü—É—Å—Ç–æ–π –¥–æ–º,8,,2004,""['Crime, Drama']"""
"–®–µ—Ä–ª–æ–∫ –º–ª–∞–¥—à–∏–π,""8,2"",,1924,""['Action, Comedy']"""
"–¢—É–∑ –≤ —Ä—É–∫–∞–≤–µ,""8,1"",,1951,""['Drama, Film']"""
"–ì—Ä–∞–Ω—å –±—É–¥—É—â–µ–≥–æ,""7,9"",,2014,""['Action, Adventure']"""
"–ó–≤—ë–∑–¥–Ω—ã–π –ø—É—Ç—å,""7,9"",,2009,""['Action, Adventure']"""
"–ì–∞—Ä—Ä–∏ –ü–æ—Ç—Ç–µ—Ä –∏ —É–∑–Ω–∏–∫ –ê–∑–∫–∞–±–∞–Ω–∞,""7,9"",,2004,""['Adventure, Family']"""
"–ë—ç–º–±–∏,""7,3"",,1942,""['Animation, Adventure']"""
"–¢–æ–Ω–∫–∏–π —á–µ–ª–æ–≤–µ–∫,8,,1934,""['Comedy, Mystery']"""
"–õ—É–Ω–∞ 2112,""7,8"",,2009,""['Drama, Mystery']"""
"–£—Ä–æ–¥—Ü—ã,""7,9"",,1932,""['Drama, Horror']"""
"12 –æ–±–µ–∑—å—è–Ω,8,,1995,""['Mystery, Sci', 'Fi, Thriller']"""
"–°–∞–º—Å–∞—Ä–∞,""8,5"",,I) (,""['Documentary, Music']"""
"–ü–µ—Ä—Å–µ–ø–æ–ª–∏—Å,8,,2007,""['Animation, Biography']"""
"–ö–æ–Ω–µ—Ü –ï–≤–∞–Ω–≥–µ–ª–∏–æ–Ω–∞,""8,1"",,1997,""['Animation, Action']"""
"–ó–ª–æ–≤–µ—â–∏–µ –º–µ—Ä—Ç–≤–µ—Ü—ã 2,""7,7"",,1987,""['Comedy, Horror']"""
"–ö—Ç–æ –ø–æ–¥—Å—Ç–∞–≤–∏–ª –∫—Ä–æ–ª–∏–∫–∞ –†–æ–¥–∂–µ—Ä–∞,""7,7"",,1988,""['Animation, Adventure']"""
"–ú–∏—Å—Å–∏—è ¬´–°–µ—Ä–µ–Ω–∏—Ç–∏¬ª,""7,8"",,2005,""['Action, Adventure']"""
"–¢—Ä–æ–Ω –≤ –∫—Ä–æ–≤–∏,""8,1"",,1957,""['Drama, History']"""
"–ö–æ—Ä–ø–æ—Ä–∞—Ü–∏—è –º–æ–Ω—Å—Ç—Ä–æ–≤,""8,1"",,2001,""['Animation, Adventure']"""
–î–æ—Ä–æ–≥–∞,8,,1954,[]
"–°—Ç–µ–Ω–∞,8,,1982,""['Drama, Fantasy']"""
"–ë–µ–∑—É–º–Ω—ã–π –ú–∞–∫—Å 2: –í–æ–∏–Ω –¥–æ—Ä–æ–≥–∏,""7,6"",,1981,""['Action, Adventure']"""
"–î–∞–ª–ª–∞—Å—Å–∫–∏–π –∫–ª—É–± –ø–æ–∫—É–ø–∞—Ç–µ–ª–µ–π,8,,2013,""['Biography, Drama']"""
"–ó–∏–º–Ω—è—è —Å–ø—è—á–∫–∞,""8,1"",,2014,[]"
"–ò–∑ –º–∞—à–∏–Ω—ã,""7,7"",,2014,""['Drama, Sci', 'Fi, Thriller']"""
"–û—Å—Ç—Ä–æ–≤ —Å–æ–±–∞–∫,""7,8"",,2018,""['Animation, Adventure']"""
"–ü–∏—Ä–∞—Ç—ã –ö–∞—Ä–∏–±—Å–∫–æ–≥–æ –º–æ—Ä—è: –ü—Ä–æ–∫–ª—è—Ç–∏–µ –ß—ë—Ä–Ω–æ–π –∂–µ–º—á—É–∂–∏–Ω—ã,8,,2003,""['Action, Adventure']"""
"–£–±–∏—Ç—å –ë–∏–ª–ª–∞ 2,8,,2004,""['Action, Crime']"""
"–û—Ö–æ—Ç–∞ –Ω–∞ –¥–∏–∫–∞—Ä–µ–π,""7,9"",,2016,""['Adventure, Comedy']"""
"–ó–≤–µ—Ä–æ–ø–æ–ª–∏—Å,8,,2016,""['Animation, Adventure']"""
"–ü–µ—Å–Ω—å –º–æ—Ä—è,""8,1"",,2014,""['Animation, Adventure']"""
"–†–∞–π–æ–Ω No 9,""7,9"",,2009,""['Action, Sci', 'Fi, Thriller']"""
"–ù–æ—á—å –∂–∏–≤—ã—Ö –º–µ—Ä—Ç–≤–µ—Ü–æ–≤,""7,9"",,1968,""['Horror, Thriller']"""
"–ö–∞–∫ –ø—Ä–∏—Ä—É—á–∏—Ç—å –¥—Ä–∞–∫–æ–Ω–∞,""8,1"",,2010,""['Animation, Action']"""
"–ú–∏—Å—Å–∏—è –Ω–µ–≤—ã–ø–æ–ª–Ω–∏–º–∞: –ü–æ—Å–ª–µ–¥—Å—Ç–≤–∏—è,""7,7"",,2018,""['Action, Adventure']"""
"–ó–µ—Ä–∫–∞–ª–æ,""8,1"",,1975,""['Biography, Drama']"""
"–ó–æ–º–±–∏ –ø–æ –∏–º–µ–Ω–∏ –®–æ–Ω,""7,9"",,2004,""['Comedy, Horror']"""
"–í—ã–∂–∏–≤—à–∏–π,8,,2015,""['Action, Adventure']"""
"–®—Ä—ç–∫,""7,9"",,2001,""['Animation, Adventure']"""
"–ò–Ω—Ç–µ—Ä—Å—Ç–µ–ª–ª–∞—Ä,""8,6"",,2014,""['Adventure, Drama']"""
"–û—Å–æ–±–æ–µ –º–Ω–µ–Ω–∏–µ,""7,6"",,2002,""['Action, Crime']"""
"–ù–µ–±–µ—Å–Ω—ã–π –∑–∞–º–æ–∫ –õ–∞–ø—É—Ç–∞,8,,1986,""['Animation, Adventure']"""
"–õ—é–±–æ–≤—å - –±–æ–ª–µ–∑–Ω—å,""7,5"",,2017,""['Comedy, Drama']"""
"–ó–æ–ª—É—à–∫–∞,""7,3"",,1950,""['Animation, Family']"""
"–ú–æ—è –ø—Ä–µ–∫—Ä–∞—Å–Ω–∞—è –ª–µ–¥–∏,""7,8"",,1964,""['Drama, Family']"""
"–í–∞–ª—å—Å —Å –ë–∞—à–∏—Ä–æ–º,8,,2008,""['Documentary, Animation']"""
"–ö–æ—Ä–æ—Ç–∫–∞—è –≤—Å—Ç—Ä–µ—á–∞,8,,1945,""['Drama, Romance']"""
"–ü—Ä–∏–∑—Ä–∞–∫ –≤ –¥–æ—Å–ø–µ—Ö–∞—Ö,8,,1995,""['Animation, Action']"""
"–ßy–Ω–≥–∫–∏–Ω–≥—Å–∫–∏–π —ç–∫—Å–ø—Ä–µ—Å—Å,""8,1"",,1994,""['Comedy, Crime']"""
"–ú–∞–º–æ—á–∫–∞,""8,1"",,I) (,[]"
"–ü—Ä–µ—Å—Ç–∏–∂,""8,5"",,2006,""['Drama, Mystery']"""
"–ù–µ–≤–∏–Ω–Ω—ã–µ,""7,8"",,1961,[]"
"–ß—ë—Ä–Ω—ã–π –ª–µ–±–µ–¥—å,8,,2010,""['Drama, Thriller']"""
"–¢—Ä–æ–µ –Ω–µ–≥–æ–¥—è–µ–≤ –≤ —Å–∫—Ä—ã—Ç–æ–π –∫—Ä–µ–ø–æ—Å—Ç–∏,""8,1"",,1958,""['Action, Adventure']"""
"–†–µ–∏–Ω–∫–∞—Ä–Ω–∞—Ü–∏—è,""7,3"",,2018,""['Drama, Horror']"""
"–ß—ë—Ä–Ω–∞—è –∫–æ—à–∫a, –±–µ–ª—ã–π –∫–æ—Ç,""8,1"",,1998,""['Comedy, Crime']"""
"–ò–≥—Ä–∞ –Ω–∞–≤—ã–ª–µ—Ç,8,,1972,""['Mystery, Thriller']"""
"–¢–∞–π–Ω–∞ –ö–æ–∫–æ,""8,4"",,I) (,""['Animation, Adventure']"""
"–•–∏—â–Ω–∏–∫,""7,8"",,1987,""['Action, Adventure']"""
"–î—Ä—è–Ω–Ω–∞—è –¥–µ–≤—á–æ–Ω–∫–∞,8,,2001,""['Comedy, Drama']"""
"–û–±—â–µ—Å—Ç–≤–æ –º—ë—Ä—Ç–≤—ã—Ö –ø–æ—ç—Ç–æ–≤,""8,1"",,1989,""['Comedy, Drama']"""
"–ó–∞–≤—Ç—Ä–∞–∫ —É –¢–∏—Ñ—Ñ–∞–Ω–∏,""7,6"",,1961,""['Comedy, Drama']"""
"–°–∫—Ä—ã—Ç—ã–µ —Ñ–∏–≥—É—Ä—ã,""7,9"",,2016,""['Biography, Drama']"""
"–ò–≥—Ä–∞ –≤ –∏–º–∏—Ç–∞—Ü–∏—é,8,,2014,""['Biography, Drama']"""
"–û—Å—Ç—Ä–æ–≤ –ø—Ä–æ–∫–ª—è—Ç—ã—Ö,""8,2"",,2010,""['Mystery, Thriller']"""
"–õ–∏–Ω–∫–æ–ª—å–Ω,""7,3"",,2012,""['Biography, Drama']"""
"–•–æ—Ä–æ—à–æ –±—ã—Ç—å —Ç–∏—Ö–æ–Ω–µ–π,""7,9"",,2012,""['Drama, Romance']"""
"–ó–∞ –ø—Ä–∏–≥–æ—Ä—à–Ω—é –¥–æ–ª–ª–∞—Ä–æ–≤,8,,1964,""['Action, Drama']"""
"–¶–µ–ª—å –Ω–æ–º–µ—Ä –æ–¥–∏–Ω,""7,4"",,2012,""['Drama, History']"""
"–ú–µ—Å—Ç–æ –ø–æ–¥ —Å–æ–ª–Ω—Ü–µ–º,""7,8"",,1951,""['Drama, Romance']"""
"–ê—Ñ–µ—Ä–∞ –ø–æ-–∞–º–µ—Ä–∏–∫–∞–Ω—Å–∫–∏,""7,2"",,2013,""['Crime, Drama']"""
–ß–µ–ª–æ–≤–µ–∫ –¥–æ–∂–¥—è,8,,1988,[]
"–ì–∏–≥–∞–Ω—Ç,""7,6"",,1956,""['Drama, Western']"""
"–ù–æ–∫–¥–∞—É–Ω,8,,2005,""['Biography, Drama']"""
"–û—Ç–Ω—ã–Ω–µ –∏ –≤–æ –≤–µ–∫–∏ –≤–µ–∫–æ–≤,""7,6"",,1953,""['Drama, Romance']"""
"–ü–µ—Ä–µ—Å—Ç—É–ø–∏—Ç—å —á–µ—Ä—Ç—É,""7,8"",,2005,""['Biography, Drama']"""
"–ü–æ—Å–ª–µ–¥–Ω–∏–π –∏–º–ø–µ—Ä–∞—Ç–æ—Ä,""7,7"",,1987,""['Biography, Drama']"""
"–ú—è—Ç–µ–∂ –Ω–∞ –ë–∞—É–Ω—Ç–∏,""7,7"",,1935,""['Adventure, Biography']"""
"–°–∞–º—ã–π –¥–ª–∏–Ω–Ω—ã–π –¥–µ–Ω—å,""7,8"",,1962,""['Action, Drama']"""
